{
  "targets": [
    "meltpoolTemp",
    "meltpoolSize"
  ],
  "mean": [
    1575.222412109375,
    9724.4169921875
  ],
  "std": [
    604.4603881835938,
    4276.56494140625
  ]
}