epoch,total_loss,temp_loss,size_loss,rmse_temp,rmse_size
1,1.9015546321868897,1.0290610015392303,0.8724936425685883,5216.051571830938,94474.69316171395
